date,description,category,transaction_type,base_amount,random_variance,amount,account_id
5/2/2025,WHOLE FOODS MKT,Bills,debit,10,0.95,-9.5,1
8/2/2025,IRANI CHIYA LOKANTHALI,,debit,40,1.17,-46.8,2
10/19/2025,DD-SALARY,Other,debit,100,0.99,-99.0,3
11/4/2025,PAYCHECK DEPOSIT,Entertainment,CREDIT,20,0.85,17.0,4
10/22/2025,ATM WITHDRAWAL,Other,Credit,20,0.82,16.4,5
7/17/2025,CHOWMEIN 1234,Other,Credit,10,0.98,9.8,6
7/6/2025,SHELL-FUEL,Transportation,Debit,20,0.89,-17.8,7
7/28/2025,PAYCHECK DEPOSIT,Food & Dining,Credit,10,0.84,8.4,8
9/20/2025,ESEWA BALANCE TRANSFER,Food & Dining,debit,100,1.05,-105.0,9
12/13/2025,ATM CASH,Transportation,Debit,50,1.13,-56.5,10
5/11/2025,ATM CASH,Shopping,Credit,100,1.07,107.0,11
12/4/2025,LANDLORD_RENT_PAYMNT,Groceries,Debit,20,0.91,-18.2,12
12/31/2025,INDRIVE TRIP,Uncategorized,Credit,100,1.13,113.0,13
10/11/2025,ATM WITHDRAWAL,Income,Debit,20,1.14,-22.8,14
10/8/2025,INDRIVE TRIP,,CREDIT,100,0.84,84.0,15
1/4/2026,WHOLE FOODS MKT,,DEBIT,100,0.95,-95.0,16
1/23/2026,PAYCHECK DEPOSIT,Food & Dining,Credit,10,0.91,9.1,17
8/7/2025,INDRIVE TRIP,Uncategorized,debit,50,0.95,-47.5,18
4/6/2025,ATM CASH,Other,Debit,500,0.81,-405.0,19
2/10/2025,IRANI CHIYA LOKANTHALI,Income,Credit,50,1.18,59.0,20
3/9/2025,PAYCHECK DEPOSIT,Entertainment,Credit,500,0.81,405.0,21
7/19/2025,IRANI CHIYA LOKANTHALI,Shopping,Debit,10,0.98,-9.8,22
5/19/2025,SHELL OIL 9876,Transportation,debit,20,1.03,-20.6,23
10/17/2025,ATM WITHDRAWAL,Shopping,debit,100,0.91,-91.0,24
7/28/2025,CHOWMEIN 1234,Income,Debit,10,1.08,-10.8,25
11/26/2025,ATM CASH,Entertainment,debit,100,0.97,-97.0,26
4/4/2025,LANDLORD_RENT_PAYMNT,Shopping,Debit,50,0.95,-47.5,27
10/29/2025,SAFA CHULO #1234,Entertainment,Credit,50,1.11,55.5,28
12/9/2025,ATM WITHDRAWAL,Transportation,DEBIT,50,1.06,-53.0,29
9/23/2025,ESEWA CASHOUT,Entertainment,Debit,20,1.12,-22.4,30
11/3/2025,INDRIVE TRIP,Transportation,DEBIT,50,1.16,-58.0,31
12/23/2025,SHELL-FUEL,Transportation,CREDIT,500,0.87,435.0,32
1/8/2026,AMZN MKTPLC WA,Transportation,CREDIT,40,0.88,35.2,33
10/19/2025,REFUND DARAZ,Groceries,,100,0.9,90.0,34
3/9/2025,Netflix Subscription,Other,Debit,50,0.87,-43.5,35
7/11/2025,REFUND DARAZ,Shopping,Debit,20,1.14,-22.8,36
4/22/2025,ESEWA CASHOUT,Income,Debit,20,0.93,-18.6,37
3/6/2025,ESEWA BALANCE TRANSFER,Bills,CREDIT,50,0.97,48.5,38
6/14/2025,AMZN MKTPLC WA,Income,Debit,50,0.93,-46.5,39
2/24/2025,LANDLORD_RENT_PAYMNT,Income,Debit,100,1.1,-110.0,40
9/9/2025,AMAZON PRIME,Entertainment,debit,50,0.95,-47.5,41
1/7/2026,SHELL-FUEL,,Credit,100,0.85,85.0,42
2/12/2025,ESEWA BALANCE TRANSFER,,debit,50,1.18,-59.0,43
12/12/2025,SHELL OIL 9876,Uncategorized,Credit,10,0.81,8.1,44
11/25/2025,ATM CASH,Uncategorized,Debit,20,0.94,-18.8,45
8/29/2025,ESEWA CASHOUT,Other,Debit,50,0.81,-40.5,46
1/17/2026,SHELL OIL 9876,Uncategorized,debit,40,0.9,-36.0,47
10/17/2025,INDRIVE TRIP,Transportation,CREDIT,20,0.85,17.0,48
3/5/2025,REFUND DARAZ,Income,DEBIT,100,1.02,-102.0,49
10/16/2025,REFUND DARAZ,Groceries,DEBIT,20,1.0,-20.0,50
2/22/2025,DD-SALARY,Bills,Credit,20,1.15,23.0,51
3/22/2025,INDRIVE TRIP,Other,debit,20,1.16,-23.2,52
11/30/2025,AMAZON PRIME,Food & Dining,CREDIT,20,0.93,18.6,53
12/18/2025,SHELL OIL 9876,Uncategorized,Debit,10,1.09,-10.9,54
3/30/2025,DD-SALARY,Income,,20,0.9,18.0,55
12/29/2025,SHELL OIL 9876,Groceries,DEBIT,20,1.07,-21.4,56
7/28/2025,SHELL OIL 9876,Shopping,Credit,10,1.02,10.2,57
11/25/2025,ATM WITHDRAWAL,Uncategorized,,20,0.91,18.2,58
5/3/2025,ATM CASH,Shopping,CREDIT,50,1.01,50.5,59
12/6/2025,IRANI CHIYA LOKANTHALI,,DEBIT,40,1.14,-45.6,60
5/3/2025,SAFA CHULO #1234,Other,DEBIT,100,1.18,-118.0,61
1/30/2026,ATM WITHDRAWAL,Transportation,Debit,40,0.84,-33.6,62
9/2/2025,LANDLORD_RENT_PAYMNT,Transportation,Credit,500,0.91,455.0,63
12/16/2025,PAYCHECK DEPOSIT,,Credit,1000,1.19,1190.0,64
10/9/2025,SAFA CHULO #1234,Groceries,Debit,10,0.81,-8.1,65
2/12/2025,LANDLORD_RENT_PAYMNT,Income,debit,50,1.2,-60.0,66
12/26/2025,CHOWMEIN 1234,Income,Credit,500,0.85,425.0,67
7/2/2025,WHOLE FOODS MKT,Income,Debit,1000,0.98,-980.0,68
11/26/2025,AMAZON PRIME,Shopping,Debit,1000,1.1,-1100.0,69
11/29/2025,SHELL-FUEL,Uncategorized,DEBIT,20,1.03,-20.6,70
11/2/2025,SHELL-FUEL,Other,DEBIT,50,0.95,-47.5,71
10/20/2025,ESEWA CASHOUT,Entertainment,debit,100,1.19,-119.0,72
7/11/2025,Netflix Subscription,Shopping,CREDIT,500,1.05,525.0,73
7/25/2025,SAFA CHULO #1234,Shopping,Debit,100,1.04,-104.0,74
8/19/2025,LANDLORD_RENT_PAYMNT,Uncategorized,Credit,10,0.88,8.8,75
9/9/2025,ATM CASH,Transportation,Debit,1000,1.08,-1080.0,76
9/1/2025,PAYCHECK DEPOSIT,Bills,Debit,1000,1.06,-1060.0,77
10/2/2025,ESEWA BALANCE TRANSFER,Groceries,Debit,20,1.01,-20.2,78
4/17/2025,WHOLE FOODS MKT,Other,Credit,50,0.95,47.5,79
6/6/2025,ATM CASH,Food & Dining,Credit,50,0.95,47.5,80
5/20/2025,SHELL-FUEL,Income,DEBIT,50,0.82,-41.0,81
1/14/2026,Netflix Subscription,Shopping,Credit,40,1.1,44.0,82
6/4/2025,ATM CASH,Transportation,debit,100,0.83,-83.0,83
5/31/2025,ATM WITHDRAWAL,Shopping,Debit,100,1.04,-104.0,84
9/30/2025,INDRIVE TRIP,Other,debit,40,1.07,-42.8,85
7/25/2025,INDRIVE TRIP,Transportation,Debit,50,1.05,-52.5,86
6/3/2025,ESEWA CASHOUT,Income,Debit,40,1.08,-43.2,87
12/27/2025,IRANI CHIYA LOKANTHALI,Groceries,DEBIT,50,0.83,-41.5,88
6/22/2025,LANDLORD_RENT_PAYMNT,Groceries,DEBIT,10,1.11,-11.1,89
3/10/2025,PAYCHECK DEPOSIT,Groceries,debit,100,0.96,-96.0,90
1/26/2026,Netflix Subscription,Groceries,debit,10,1.1,-11.0,91
7/9/2025,CHOWMEIN 1234,Uncategorized,debit,1000,1.01,-1010.0,92
3/7/2025,NETFLIX.COM,Shopping,Credit,10,1.02,10.2,93
12/26/2025,INDRIVE TRIP,,DEBIT,10,1.15,-11.5,94
11/14/2025,ATM WITHDRAWAL,Other,Credit,500,1.07,535.0,95
9/5/2025,ESEWA CASHOUT,Income,Debit,40,1.14,-45.6,96
11/17/2025,SAFA CHULO #1234,Uncategorized,Debit,10,0.86,-8.6,97
6/15/2025,SHELL OIL 9876,Other,DEBIT,40,1.0,-40.0,98
3/11/2025,DD-SALARY,Groceries,CREDIT,1000,0.91,910.0,99
4/6/2025,ATM WITHDRAWAL,Groceries,Credit,100,0.9,90.0,100
7/24/2025,SHELL-FUEL,Food & Dining,Debit,20,1.19,-23.8,101
1/26/2026,DD-SALARY,Entertainment,debit,20,0.86,-17.2,102
1/1/2026,SHELL-FUEL,Entertainment,Credit,100,1.2,120.0,103
2/22/2025,REFUND DARAZ,Bills,debit,50,1.16,-58.0,104
1/2/2026,SAFA CHULO #1234,Other,Credit,10,1.11,11.1,105
5/9/2025,ATM WITHDRAWAL,Food & Dining,Debit,20,1.07,-21.4,106
7/31/2025,IRANI CHIYA LOKANTHALI,Entertainment,DEBIT,20,0.93,-18.6,107
11/24/2025,REFUND DARAZ,Groceries,Credit,40,1.16,46.4,108
3/29/2025,SAFA CHULO #1234,,Credit,50,0.89,44.5,109
8/3/2025,AMZN MKTPLC WA,Food & Dining,debit,100,1.13,-113.0,110
4/11/2025,AMAZON PRIME,Groceries,Debit,50,0.85,-42.5,111
7/8/2025,ATM CASH,,DEBIT,50,1.13,-56.5,112
2/3/2025,NETFLIX.COM,Entertainment,Credit,40,0.82,32.8,113
12/19/2025,SHELL-FUEL,Groceries,Credit,500,0.86,430.0,114
3/28/2025,WHOLE FOODS MKT,,debit,100,1.02,-102.0,115
7/13/2025,CHOWMEIN 1234,Shopping,Debit,50,0.86,-43.0,116
7/24/2025,WHOLE FOODS MKT,Shopping,Credit,500,1.17,585.0,117
12/30/2025,Netflix Subscription,Bills,Debit,50,1.2,-60.0,118
1/1/2026,REFUND DARAZ,Groceries,Debit,10,1.07,-10.7,119
10/14/2025,DD-SALARY,Other,debit,20,0.95,-19.0,120
5/28/2025,DD-SALARY,Bills,debit,100,1.03,-103.0,121
10/2/2025,IRANI CHIYA LOKANTHALI,Transportation,CREDIT,20,0.93,18.6,122
5/29/2025,ESEWA CASHOUT,Bills,Debit,50,0.86,-43.0,123
6/1/2025,ESEWA BALANCE TRANSFER,Entertainment,debit,100,0.84,-84.0,124
12/21/2025,ATM WITHDRAWAL,Food & Dining,Credit,100,1.0,100.0,125
2/17/2025,SHELL-FUEL,Shopping,debit,100,1.06,-106.0,126
10/30/2025,INDRIVE TRIP,Entertainment,Credit,50,1.02,51.0,127
3/16/2025,ATM WITHDRAWAL,Income,Debit,20,1.0,-20.0,128
8/18/2025,ESEWA BALANCE TRANSFER,Groceries,DEBIT,10,0.92,-9.2,129
6/15/2025,WHOLE FOODS MKT,Groceries,Credit,100,1.16,116.0,130
12/25/2025,AMAZON PRIME,Transportation,CREDIT,20,1.17,23.4,131
2/27/2025,ATM WITHDRAWAL,Food & Dining,Debit,50,1.0,-50.0,132
1/20/2026,AMAZON PRIME,Bills,Debit,50,1.04,-52.0,133
10/5/2025,LANDLORD_RENT_PAYMNT,Food & Dining,debit,50,0.86,-43.0,134
3/1/2025,SHELL-FUEL,Income,debit,20,1.0,-20.0,135
9/8/2025,LANDLORD_RENT_PAYMNT,Bills,Debit,50,0.82,-41.0,136
11/16/2025,WHOLE FOODS MKT,Other,Debit,20,0.85,-17.0,137
11/26/2025,NETFLIX.COM,Shopping,Debit,500,1.04,-520.0,138
4/26/2025,ESEWA BALANCE TRANSFER,,Credit,50,0.93,46.5,139
9/18/2025,ESEWA CASHOUT,,Credit,10,1.15,11.5,140
4/17/2025,ESEWA BALANCE TRANSFER,Other,debit,1000,0.94,-940.0,141
10/1/2025,ESEWA BALANCE TRANSFER,Shopping,Credit,40,0.87,34.8,142
10/13/2025,PAYCHECK DEPOSIT,Bills,Credit,50,0.94,47.0,143
5/1/2025,DD-SALARY,Income,debit,10,1.1,-11.0,144
9/30/2025,ATM WITHDRAWAL,Other,debit,100,1.13,-113.0,145
10/22/2025,REFUND DARAZ,Bills,debit,50,1.18,-59.0,146
1/18/2026,WHOLE FOODS MKT,Groceries,Debit,100,0.81,-81.0,147
3/19/2025,SHELL-FUEL,Transportation,Credit,50,1.15,57.5,148
8/25/2025,ESEWA CASHOUT,Transportation,Credit,50,1.0,50.0,149
11/4/2025,INDRIVE TRIP,Food & Dining,debit,40,0.81,-32.4,150
8/15/2025,WHOLE FOODS MKT,Transportation,Credit,40,1.07,42.8,151
5/8/2025,INDRIVE TRIP,Bills,Debit,1000,0.9,-900.0,152
10/16/2025,ESEWA BALANCE TRANSFER,Food & Dining,Credit,100,0.9,90.0,153
10/7/2025,SHELL OIL 9876,Uncategorized,Credit,500,0.96,480.0,154
6/21/2025,NETFLIX.COM,Groceries,debit,50,0.92,-46.0,155
4/6/2025,WHOLE FOODS MKT,Entertainment,DEBIT,50,1.18,-59.0,156
3/15/2025,IRANI CHIYA LOKANTHALI,Shopping,Debit,10,1.02,-10.2,157
7/10/2025,IRANI CHIYA LOKANTHALI,Uncategorized,Debit,20,0.91,-18.2,158
7/30/2025,LANDLORD_RENT_PAYMNT,Entertainment,CREDIT,20,1.12,22.4,159
12/3/2025,INDRIVE TRIP,Other,debit,40,0.93,-37.2,160
2/16/2025,Netflix Subscription,Other,Credit,20,1.06,21.2,161
12/29/2025,AMAZON PRIME,Entertainment,debit,20,0.82,-16.4,162
12/29/2025,DD-SALARY,Other,DEBIT,20,1.11,-22.2,163
2/1/2026,DD-SALARY,Shopping,Credit,40,0.82,32.8,164
12/25/2025,ESEWA CASHOUT,Entertainment,DEBIT,100,0.81,-81.0,165
8/27/2025,Netflix Subscription,Other,CREDIT,40,1.02,40.8,166
6/11/2025,ESEWA CASHOUT,,Debit,100,1.16,-116.0,167
11/25/2025,Netflix Subscription,Groceries,Debit,40,1.0,-40.0,168
2/22/2025,INDRIVE TRIP,Entertainment,Credit,40,0.91,36.4,169
5/3/2025,IRANI CHIYA LOKANTHALI,Shopping,Credit,100,1.09,109.0,170
10/14/2025,PAYCHECK DEPOSIT,Food & Dining,debit,50,0.92,-46.0,171
2/24/2025,SHELL OIL 9876,Groceries,Credit,20,1.14,22.8,172
1/1/2026,ATM CASH,Entertainment,DEBIT,40,1.16,-46.4,173
10/23/2025,SHELL-FUEL,Transportation,DEBIT,20,0.84,-16.8,174
6/12/2025,ESEWA BALANCE TRANSFER,Shopping,debit,100,1.11,-111.0,175
8/29/2025,REFUND DARAZ,Entertainment,debit,20,1.02,-20.4,176
6/4/2025,ESEWA CASHOUT,Transportation,,100,0.8,80.0,177
1/30/2026,LANDLORD_RENT_PAYMNT,Uncategorized,Credit,50,0.96,48.0,178
11/27/2025,ESEWA CASHOUT,Transportation,debit,50,0.96,-48.0,179
2/7/2025,AMAZON PRIME,Income,Credit,20,0.9,18.0,180
11/27/2025,ESEWA CASHOUT,Shopping,Credit,20,1.17,23.4,181
11/10/2025,ATM CASH,Groceries,debit,20,1.19,-23.8,182
2/8/2025,PAYCHECK DEPOSIT,,DEBIT,20,1.03,-20.6,183
4/7/2025,NETFLIX.COM,Entertainment,Debit,100,0.93,-93.0,184
12/10/2025,SAFA CHULO #1234,Shopping,debit,50,0.85,-42.5,185
8/16/2025,IRANI CHIYA LOKANTHALI,Shopping,Credit,20,0.92,18.4,186
8/16/2025,SAFA CHULO #1234,Bills,debit,50,1.06,-53.0,187
10/15/2025,DD-SALARY,Uncategorized,debit,100,0.98,-98.0,188
3/1/2025,ATM WITHDRAWAL,Entertainment,Debit,100,0.94,-94.0,189
1/11/2026,Netflix Subscription,Uncategorized,Debit,10,0.83,-8.3,190
11/22/2025,PAYCHECK DEPOSIT,Other,CREDIT,500,0.99,495.0,191
9/9/2025,ESEWA BALANCE TRANSFER,Income,Credit,100,1.11,111.0,192
12/27/2025,SAFA CHULO #1234,Income,CREDIT,100,1.0,100.0,193
2/9/2025,AMAZON PRIME,Uncategorized,Credit,50,0.82,41.0,194
7/7/2025,SHELL-FUEL,Food & Dining,debit,20,1.1,-22.0,195
5/1/2025,IRANI CHIYA LOKANTHALI,Bills,DEBIT,40,0.84,-33.6,196
9/8/2025,ATM WITHDRAWAL,Groceries,Credit,10,1.02,10.2,197
4/30/2025,ATM WITHDRAWAL,Transportation,debit,50,1.15,-57.5,198
1/30/2026,REFUND DARAZ,Uncategorized,DEBIT,50,0.88,-44.0,199
5/19/2025,IRANI CHIYA LOKANTHALI,,DEBIT,40,0.91,-36.4,200
6/19/2025,LANDLORD_RENT_PAYMNT,Groceries,Credit,10,1.15,11.5,201
6/7/2025,ATM WITHDRAWAL,Other,debit,20,0.85,-17.0,202
10/14/2025,SHELL-FUEL,Entertainment,Credit,500,1.07,535.0,203
3/29/2025,SHELL-FUEL,Income,DEBIT,50,1.11,-55.5,204
6/27/2025,SAFA CHULO #1234,Other,DEBIT,40,1.06,-42.4,205
7/12/2025,Netflix Subscription,,Debit,100,1.11,-111.0,206
10/16/2025,DD-SALARY,Transportation,Credit,20,1.16,23.2,207
5/19/2025,Netflix Subscription,Uncategorized,debit,50,0.97,-48.5,208
9/15/2025,AMAZON PRIME,Groceries,Credit,500,0.88,440.0,209
11/19/2025,ESEWA BALANCE TRANSFER,Bills,DEBIT,40,1.13,-45.2,210
3/6/2025,SHELL-FUEL,,Credit,20,1.12,22.4,211
10/9/2025,CHOWMEIN 1234,Bills,Credit,1000,0.92,920.0,212
3/27/2025,CHOWMEIN 1234,Uncategorized,Credit,500,0.87,435.0,213
5/25/2025,LANDLORD_RENT_PAYMNT,Entertainment,Credit,500,1.01,505.0,214
11/9/2025,SHELL-FUEL,Groceries,debit,50,1.02,-51.0,215
6/23/2025,NETFLIX.COM,Other,debit,100,0.99,-99.0,216
1/14/2026,Netflix Subscription,Groceries,Debit,50,1.12,-56.0,217
6/21/2025,SHELL OIL 9876,Income,Debit,100,0.92,-92.0,218
9/28/2025,WHOLE FOODS MKT,Food & Dining,DEBIT,20,1.17,-23.4,219
4/21/2025,LANDLORD_RENT_PAYMNT,Uncategorized,Credit,40,0.83,33.2,220
1/24/2026,WHOLE FOODS MKT,Groceries,Debit,500,1.01,-505.0,221
5/28/2025,PAYCHECK DEPOSIT,Other,debit,10,0.94,-9.4,222
5/8/2025,DD-SALARY,Uncategorized,DEBIT,40,1.1,-44.0,223
7/20/2025,WHOLE FOODS MKT,Groceries,debit,40,1.03,-41.2,224
11/13/2025,ESEWA CASHOUT,,Credit,100,0.82,82.0,225
1/10/2026,CHOWMEIN 1234,Groceries,Debit,20,0.99,-19.8,226
7/3/2025,IRANI CHIYA LOKANTHALI,Other,Debit,100,1.12,-112.0,227
1/1/2026,DD-SALARY,Transportation,Credit,40,0.8,32.0,228
4/28/2025,REFUND DARAZ,Groceries,Credit,20,0.87,17.4,229
1/4/2026,DD-SALARY,Groceries,Debit,20,0.91,-18.2,230
11/19/2025,DD-SALARY,Groceries,Credit,50,1.02,51.0,231
3/31/2025,REFUND DARAZ,Entertainment,Debit,20,0.92,-18.4,232
12/1/2025,CHOWMEIN 1234,Food & Dining,CREDIT,100,0.94,94.0,233
3/26/2025,SAFA CHULO #1234,Entertainment,Credit,40,1.03,41.2,234
1/12/2026,WHOLE FOODS MKT,Transportation,Debit,50,0.93,-46.5,235
7/25/2025,LANDLORD_RENT_PAYMNT,Groceries,Credit,1000,0.93,930.0,236
3/26/2025,ATM CASH,Uncategorized,Credit,100,1.08,108.0,237
2/22/2025,SHELL OIL 9876,,Debit,50,0.89,-44.5,238
11/27/2025,AMZN MKTPLC WA,Transportation,Debit,20,0.84,-16.8,239
3/14/2025,CHOWMEIN 1234,Transportation,Debit,40,1.06,-42.4,240
12/27/2025,LANDLORD_RENT_PAYMNT,Bills,CREDIT,20,1.07,21.4,241
12/29/2025,AMAZON PRIME,Groceries,CREDIT,50,1.07,53.5,242
3/19/2025,ESEWA BALANCE TRANSFER,Entertainment,CREDIT,100,0.98,98.0,243
4/13/2025,AMZN MKTPLC WA,Bills,CREDIT,50,1.18,59.0,244
12/12/2025,PAYCHECK DEPOSIT,Bills,Credit,500,1.18,590.0,245
6/17/2025,ESEWA CASHOUT,Transportation,CREDIT,50,1.2,60.0,246
7/21/2025,Netflix Subscription,Uncategorized,debit,100,0.81,-81.0,247
9/23/2025,SHELL OIL 9876,Other,Debit,50,0.84,-42.0,248
8/5/2025,PAYCHECK DEPOSIT,Bills,Credit,100,0.95,95.0,249
11/13/2025,ATM WITHDRAWAL,Uncategorized,Credit,40,1.0,40.0,250
4/23/2025,REFUND DARAZ,Uncategorized,Debit,20,1.13,-22.6,251
1/28/2026,IRANI CHIYA LOKANTHALI,,debit,50,0.87,-43.5,252
10/3/2025,INDRIVE TRIP,Entertainment,debit,20,0.86,-17.2,253
2/22/2025,LANDLORD_RENT_PAYMNT,Groceries,Credit,50,1.19,59.5,254
1/20/2026,ESEWA BALANCE TRANSFER,Bills,Credit,10,1.2,12.0,255
5/23/2025,SHELL-FUEL,Groceries,DEBIT,50,1.04,-52.0,256
10/16/2025,ESEWA BALANCE TRANSFER,Groceries,debit,100,0.9,-90.0,257
8/19/2025,IRANI CHIYA LOKANTHALI,Bills,DEBIT,40,0.8,-32.0,258
7/25/2025,Netflix Subscription,Bills,CREDIT,50,0.97,48.5,259
8/18/2025,SHELL OIL 9876,Other,Credit,100,0.87,87.0,260
4/25/2025,SAFA CHULO #1234,Food & Dining,,100,1.2,120.0,261
6/3/2025,LANDLORD_RENT_PAYMNT,Other,debit,100,1.16,-116.0,262
10/10/2025,SAFA CHULO #1234,Income,debit,100,1.13,-113.0,263
6/8/2025,NETFLIX.COM,Bills,Debit,20,0.85,-17.0,264
4/26/2025,ESEWA BALANCE TRANSFER,Shopping,CREDIT,20,1.16,23.2,265
9/4/2025,ATM CASH,Transportation,DEBIT,50,1.13,-56.5,266
2/25/2025,NETFLIX.COM,Groceries,DEBIT,20,1.05,-21.0,267
12/18/2025,SHELL-FUEL,Bills,Debit,50,1.12,-56.0,268
6/27/2025,LANDLORD_RENT_PAYMNT,Entertainment,Credit,50,1.04,52.0,269
11/17/2025,DD-SALARY,Food & Dining,DEBIT,500,1.1,-550.0,270
10/4/2025,DD-SALARY,Entertainment,Credit,100,1.14,114.0,271
6/15/2025,ATM CASH,Bills,Debit,100,0.96,-96.0,272
10/7/2025,ATM CASH,Bills,Debit,20,0.86,-17.2,273
1/29/2026,ESEWA CASHOUT,Other,Credit,100,1.12,112.0,274
12/23/2025,INDRIVE TRIP,,debit,500,0.9,-450.0,275
8/21/2025,NETFLIX.COM,Income,Debit,100,0.87,-87.0,276
1/30/2026,AMAZON PRIME,,Debit,20,1.06,-21.2,277
11/25/2025,REFUND DARAZ,Entertainment,debit,20,0.87,-17.4,278
1/17/2026,REFUND DARAZ,Bills,debit,20,0.85,-17.0,279
11/25/2025,ATM WITHDRAWAL,Entertainment,Credit,1000,1.17,1170.0,280
1/27/2026,SHELL OIL 9876,Other,debit,100,1.0,-100.0,281
2/22/2025,ATM WITHDRAWAL,Groceries,Debit,10,1.01,-10.1,282
9/29/2025,REFUND DARAZ,Bills,Credit,10,0.96,9.6,283
9/28/2025,PAYCHECK DEPOSIT,Uncategorized,debit,50,0.89,-44.5,284
5/20/2025,SAFA CHULO #1234,,Credit,20,1.11,22.2,285
2/2/2026,SAFA CHULO #1234,Bills,DEBIT,100,1.18,-118.0,286
6/27/2025,AMAZON PRIME,,Debit,50,1.0,-50.0,287
9/2/2025,SHELL OIL 9876,Transportation,CREDIT,20,0.81,16.2,288
2/8/2025,CHOWMEIN 1234,Uncategorized,CREDIT,20,1.07,21.4,289
6/25/2025,REFUND DARAZ,,Debit,20,1.09,-21.8,290
6/18/2025,ESEWA BALANCE TRANSFER,Food & Dining,debit,50,1.08,-54.0,291
7/15/2025,REFUND DARAZ,Groceries,Debit,50,1.14,-57.0,292
3/31/2025,WHOLE FOODS MKT,Other,Debit,20,1.19,-23.8,293
3/30/2025,SHELL OIL 9876,Income,Debit,500,1.1,-550.0,294
3/1/2025,AMAZON PRIME,Groceries,Debit,50,1.07,-53.5,295
11/4/2025,Netflix Subscription,Other,debit,50,1.11,-55.5,296
3/2/2025,ATM CASH,Transportation,debit,50,0.92,-46.0,297
6/27/2025,Netflix Subscription,Income,CREDIT,100,1.05,105.0,298
8/19/2025,SHELL OIL 9876,Uncategorized,Credit,50,1.01,50.5,299
6/23/2025,ESEWA BALANCE TRANSFER,Uncategorized,debit,50,1.07,-53.5,300
6/26/2025,NETFLIX.COM,Entertainment,DEBIT,20,1.07,-21.4,301
11/24/2025,AMZN MKTPLC WA,Income,DEBIT,40,0.98,-39.2,302
9/10/2025,WHOLE FOODS MKT,,debit,100,1.03,-103.0,303
8/5/2025,REFUND DARAZ,Transportation,debit,20,0.88,-17.6,304
10/18/2025,Netflix Subscription,Groceries,debit,100,0.96,-96.0,305
6/29/2025,SAFA CHULO #1234,Bills,Debit,100,0.86,-86.0,306
4/25/2025,SAFA CHULO #1234,Bills,Credit,500,1.1,550.0,307
7/25/2025,ESEWA BALANCE TRANSFER,,debit,100,0.87,-87.0,308
5/3/2025,AMAZON PRIME,Income,,1000,1.01,1010.0,309
10/30/2025,INDRIVE TRIP,Groceries,Credit,100,1.04,104.0,310
8/5/2025,SAFA CHULO #1234,Groceries,Credit,100,0.83,83.0,311
1/30/2026,IRANI CHIYA LOKANTHALI,Entertainment,,20,0.95,19.0,312
2/18/2025,AMAZON PRIME,Shopping,debit,50,0.92,-46.0,313
4/15/2025,NETFLIX.COM,Transportation,DEBIT,20,1.04,-20.8,314
1/7/2026,Netflix Subscription,Uncategorized,Debit,50,0.8,-40.0,315
7/23/2025,AMZN MKTPLC WA,Uncategorized,,50,0.9,45.0,316
5/5/2025,SHELL OIL 9876,Uncategorized,Debit,100,1.03,-103.0,317
5/3/2025,IRANI CHIYA LOKANTHALI,Entertainment,Debit,50,0.99,-49.5,318
12/18/2025,SAFA CHULO #1234,Shopping,Credit,10,1.04,10.4,319
2/21/2025,Netflix Subscription,Groceries,Credit,20,0.87,17.4,320
5/20/2025,ESEWA BALANCE TRANSFER,Transportation,Debit,1000,0.96,-960.0,321
5/15/2025,Netflix Subscription,Transportation,Credit,1000,0.89,890.0,322
3/4/2025,SHELL-FUEL,Transportation,Credit,20,1.13,22.6,323
2/11/2025,SAFA CHULO #1234,,Credit,20,0.96,19.2,324
7/17/2025,CHOWMEIN 1234,Bills,CREDIT,40,1.13,45.2,325
3/18/2025,ATM WITHDRAWAL,Entertainment,Credit,40,0.99,39.6,326
7/21/2025,REFUND DARAZ,Bills,Credit,100,0.81,81.0,327
3/17/2025,ATM WITHDRAWAL,Income,Credit,100,0.91,91.0,328
3/4/2025,AMAZON PRIME,Bills,debit,40,0.84,-33.6,329
11/12/2025,LANDLORD_RENT_PAYMNT,Groceries,Debit,50,1.14,-57.0,330
11/10/2025,PAYCHECK DEPOSIT,Entertainment,Debit,40,1.01,-40.4,331
11/14/2025,INDRIVE TRIP,Shopping,Credit,10,1.14,11.4,332
12/18/2025,ATM CASH,Other,Credit,10,1.15,11.5,333
11/18/2025,CHOWMEIN 1234,Uncategorized,CREDIT,40,1.04,41.6,334
11/16/2025,CHOWMEIN 1234,Food & Dining,debit,20,1.12,-22.4,335
1/9/2026,LANDLORD_RENT_PAYMNT,Uncategorized,Credit,50,0.97,48.5,336
2/12/2025,REFUND DARAZ,Bills,CREDIT,1000,0.85,850.0,337
8/14/2025,SHELL OIL 9876,Income,DEBIT,100,1.13,-113.0,338
1/22/2026,AMAZON PRIME,Income,Debit,50,0.87,-43.5,339
3/26/2025,PAYCHECK DEPOSIT,Income,Credit,50,0.98,49.0,340
10/12/2025,NETFLIX.COM,Uncategorized,debit,10,1.05,-10.5,341
4/28/2025,Netflix Subscription,Groceries,Debit,40,0.92,-36.8,342
4/29/2025,ATM CASH,Income,Debit,20,0.8,-16.0,343
1/29/2026,DD-SALARY,Uncategorized,Credit,40,0.97,38.8,344
3/6/2025,REFUND DARAZ,Food & Dining,Debit,500,0.94,-470.0,345
10/26/2025,CHOWMEIN 1234,Other,Debit,50,1.09,-54.5,346
3/14/2025,SHELL-FUEL,Income,DEBIT,40,1.11,-44.4,347
10/20/2025,ATM WITHDRAWAL,Income,debit,10,1.06,-10.6,348
4/12/2025,AMZN MKTPLC WA,Income,Debit,50,0.92,-46.0,349
5/20/2025,ATM WITHDRAWAL,Uncategorized,Debit,40,1.05,-42.0,350
6/9/2025,ATM WITHDRAWAL,Other,debit,20,0.86,-17.2,351
1/23/2026,ATM CASH,Income,Credit,20,0.81,16.2,352
6/29/2025,NETFLIX.COM,,Credit,20,0.94,18.8,353
8/29/2025,AMZN MKTPLC WA,Entertainment,Debit,40,1.19,-47.6,354
9/10/2025,ATM WITHDRAWAL,Shopping,debit,40,1.18,-47.2,355
11/6/2025,REFUND DARAZ,Bills,DEBIT,40,1.09,-43.6,356
6/11/2025,ATM WITHDRAWAL,Other,Debit,20,0.89,-17.8,357
5/8/2025,DD-SALARY,Entertainment,Credit,50,1.07,53.5,358
9/7/2025,ATM CASH,Other,debit,20,0.94,-18.8,359
6/3/2025,AMZN MKTPLC WA,Entertainment,Debit,20,0.99,-19.8,360
1/28/2026,PAYCHECK DEPOSIT,Entertainment,Debit,40,0.94,-37.6,361
11/10/2025,AMAZON PRIME,Transportation,Debit,50,0.99,-49.5,362
10/19/2025,PAYCHECK DEPOSIT,Groceries,Credit,100,0.81,81.0,363
4/16/2025,AMZN MKTPLC WA,Entertainment,Credit,40,1.18,47.2,364
9/22/2025,INDRIVE TRIP,Bills,Credit,20,0.94,18.8,365
4/8/2025,IRANI CHIYA LOKANTHALI,Uncategorized,debit,100,0.84,-84.0,366
11/10/2025,AMAZON PRIME,Food & Dining,Debit,50,0.94,-47.0,367
8/1/2025,SAFA CHULO #1234,,debit,10,1.0,-10.0,368
8/8/2025,IRANI CHIYA LOKANTHALI,Transportation,Debit,40,0.98,-39.2,369
12/23/2025,ESEWA CASHOUT,Shopping,CREDIT,100,1.02,102.0,370
11/7/2025,NETFLIX.COM,,Credit,50,0.99,49.5,371
10/19/2025,IRANI CHIYA LOKANTHALI,Groceries,,50,0.98,49.0,372
2/19/2025,AMAZON PRIME,Income,DEBIT,20,1.05,-21.0,373
4/3/2025,CHOWMEIN 1234,Bills,Debit,10,0.97,-9.7,374
1/16/2026,WHOLE FOODS MKT,,Credit,500,1.15,575.0,375
3/25/2025,CHOWMEIN 1234,Uncategorized,DEBIT,100,1.12,-112.0,376
3/27/2025,Netflix Subscription,Entertainment,DEBIT,50,0.9,-45.0,377
2/14/2025,AMAZON PRIME,Uncategorized,Credit,100,1.18,118.0,378
1/16/2026,INDRIVE TRIP,Other,Credit,10,1.0,10.0,379
9/24/2025,AMZN MKTPLC WA,Uncategorized,Credit,20,0.8,16.0,380
2/22/2025,IRANI CHIYA LOKANTHALI,Groceries,Credit,50,0.91,45.5,381
5/16/2025,ATM WITHDRAWAL,Entertainment,debit,10,0.98,-9.8,382
7/7/2025,WHOLE FOODS MKT,Groceries,Debit,20,1.08,-21.6,383
8/4/2025,ATM CASH,Entertainment,Debit,10,0.96,-9.6,384
9/9/2025,Netflix Subscription,Other,Debit,20,1.11,-22.2,385
5/15/2025,AMZN MKTPLC WA,Bills,Debit,20,0.99,-19.8,386
6/16/2025,INDRIVE TRIP,Food & Dining,debit,50,0.85,-42.5,387
9/7/2025,Netflix Subscription,Income,Credit,500,1.17,585.0,388
4/24/2025,WHOLE FOODS MKT,Uncategorized,Credit,20,1.07,21.4,389
11/23/2025,PAYCHECK DEPOSIT,Transportation,Debit,100,1.07,-107.0,390
9/30/2025,REFUND DARAZ,Transportation,Credit,100,0.97,97.0,391
5/31/2025,NETFLIX.COM,Food & Dining,debit,20,0.99,-19.8,392
3/31/2025,IRANI CHIYA LOKANTHALI,Other,Credit,50,0.85,42.5,393
12/27/2025,AMZN MKTPLC WA,Transportation,Credit,100,0.94,94.0,394
9/13/2025,ATM WITHDRAWAL,Uncategorized,Debit,20,0.97,-19.4,395
10/16/2025,AMZN MKTPLC WA,Bills,Credit,1000,1.1,1100.0,396
3/23/2025,AMZN MKTPLC WA,Shopping,Debit,100,1.18,-118.0,397
7/10/2025,DD-SALARY,Entertainment,Debit,500,0.94,-470.0,398
10/17/2025,PAYCHECK DEPOSIT,Bills,Credit,50,0.98,49.0,399
11/30/2025,SAFA CHULO #1234,,Credit,50,0.98,49.0,400
5/18/2025,REFUND DARAZ,Income,Debit,50,1.19,-59.5,401
7/14/2025,NETFLIX.COM,Uncategorized,DEBIT,10,1.17,-11.7,402
6/22/2025,AMAZON PRIME,Income,,20,1.2,24.0,403
6/15/2025,SHELL OIL 9876,Bills,Credit,20,1.12,22.4,404
2/3/2025,NETFLIX.COM,Income,debit,40,1.19,-47.6,405
4/7/2025,SHELL OIL 9876,Uncategorized,Debit,100,1.04,-104.0,406
10/8/2025,SHELL-FUEL,Bills,debit,50,1.0,-50.0,407
10/7/2025,SHELL OIL 9876,Food & Dining,debit,20,0.97,-19.4,408
6/2/2025,DD-SALARY,Food & Dining,debit,40,1.09,-43.6,409
7/27/2025,IRANI CHIYA LOKANTHALI,Income,Debit,20,1.16,-23.2,410
11/22/2025,NETFLIX.COM,Uncategorized,,50,1.05,52.5,411
6/16/2025,ATM CASH,Entertainment,Debit,50,1.04,-52.0,412
11/6/2025,SAFA CHULO #1234,Transportation,Credit,10,1.0,10.0,413
1/28/2026,AMZN MKTPLC WA,Shopping,CREDIT,100,1.2,120.0,414
3/25/2025,SAFA CHULO #1234,Uncategorized,debit,1000,1.11,-1110.0,415
3/30/2025,NETFLIX.COM,Income,,100,0.82,82.0,416
2/12/2025,AMZN MKTPLC WA,Shopping,Debit,50,1.09,-54.5,417
2/10/2025,AMZN MKTPLC WA,Bills,debit,20,1.19,-23.8,418
6/23/2025,AMZN MKTPLC WA,Groceries,debit,10,1.09,-10.9,419
2/13/2025,ATM WITHDRAWAL,Food & Dining,debit,100,1.02,-102.0,420
5/1/2025,CHOWMEIN 1234,Uncategorized,Debit,20,0.83,-16.6,421
9/22/2025,SAFA CHULO #1234,Income,DEBIT,50,0.98,-49.0,422
12/10/2025,REFUND DARAZ,Groceries,Credit,1000,0.88,880.0,423
11/19/2025,ESEWA BALANCE TRANSFER,Income,debit,100,0.87,-87.0,424
1/14/2026,ATM CASH,Transportation,DEBIT,500,1.17,-585.0,425
8/15/2025,CHOWMEIN 1234,Groceries,Debit,20,0.92,-18.4,426
7/25/2025,ESEWA CASHOUT,Other,debit,100,1.03,-103.0,427
6/1/2025,DD-SALARY,Food & Dining,Credit,20,0.86,17.2,428
2/19/2025,SHELL OIL 9876,Uncategorized,DEBIT,100,1.18,-118.0,429
9/13/2025,CHOWMEIN 1234,Other,Debit,20,1.07,-21.4,430
10/16/2025,Netflix Subscription,Uncategorized,Credit,40,1.09,43.6,431
7/27/2025,ATM WITHDRAWAL,Uncategorized,Debit,100,0.98,-98.0,432
5/7/2025,SHELL-FUEL,Food & Dining,Debit,50,1.17,-58.5,433
11/6/2025,ATM WITHDRAWAL,,Credit,50,0.85,42.5,434
6/23/2025,ATM WITHDRAWAL,Groceries,Credit,50,0.89,44.5,435
1/1/2026,ESEWA CASHOUT,Transportation,Debit,50,1.16,-58.0,436
7/24/2025,SAFA CHULO #1234,Groceries,Debit,50,1.01,-50.5,437
10/2/2025,Netflix Subscription,Food & Dining,Credit,50,0.94,47.0,438
8/18/2025,PAYCHECK DEPOSIT,Food & Dining,debit,50,0.82,-41.0,439
6/2/2025,DD-SALARY,Income,debit,100,1.06,-106.0,440
6/1/2025,IRANI CHIYA LOKANTHALI,Other,debit,40,1.04,-41.6,441
12/21/2025,AMZN MKTPLC WA,Food & Dining,Credit,10,0.86,8.6,442
1/28/2026,Netflix Subscription,Other,,100,1.08,108.0,443
9/2/2025,AMAZON PRIME,Food & Dining,Credit,20,1.11,22.2,444
6/8/2025,IRANI CHIYA LOKANTHALI,Groceries,Credit,50,0.92,46.0,445
9/21/2025,NETFLIX.COM,Food & Dining,DEBIT,20,1.01,-20.2,446
8/2/2025,ESEWA BALANCE TRANSFER,Shopping,debit,100,0.95,-95.0,447
4/5/2025,DD-SALARY,Groceries,CREDIT,50,1.17,58.5,448
11/15/2025,ATM CASH,Transportation,debit,50,0.82,-41.0,449
1/11/2026,NETFLIX.COM,Food & Dining,Debit,500,0.86,-430.0,450
6/11/2025,AMZN MKTPLC WA,Transportation,debit,100,1.1,-110.0,451
1/5/2026,AMAZON PRIME,,Debit,100,0.9,-90.0,452
10/30/2025,INDRIVE TRIP,Food & Dining,Credit,20,0.98,19.6,453
2/17/2025,NETFLIX.COM,,Debit,500,1.06,-530.0,454
7/28/2025,SAFA CHULO #1234,Shopping,Credit,20,0.88,17.6,455
3/17/2025,DD-SALARY,Uncategorized,Debit,500,1.16,-580.0,456
12/2/2025,SHELL OIL 9876,Income,CREDIT,20,1.03,20.6,457
12/8/2025,Netflix Subscription,Income,DEBIT,20,0.97,-19.4,458
7/17/2025,CHOWMEIN 1234,Groceries,Credit,10,0.89,8.9,459
8/27/2025,ESEWA CASHOUT,,Debit,50,1.07,-53.5,460
9/11/2025,AMZN MKTPLC WA,Income,debit,10,0.96,-9.6,461
12/18/2025,DD-SALARY,Income,Debit,100,1.03,-103.0,462
1/26/2026,AMZN MKTPLC WA,Transportation,debit,20,1.19,-23.8,463
1/15/2026,CHOWMEIN 1234,Transportation,Credit,20,0.85,17.0,464
6/23/2025,PAYCHECK DEPOSIT,Other,,500,0.9,450.0,465
9/6/2025,INDRIVE TRIP,Food & Dining,Credit,50,0.98,49.0,466
3/21/2025,CHOWMEIN 1234,Shopping,Debit,100,1.11,-111.0,467
4/2/2025,CHOWMEIN 1234,Uncategorized,CREDIT,50,0.88,44.0,468
12/12/2025,Netflix Subscription,,Credit,40,1.15,46.0,469
6/17/2025,SHELL-FUEL,Shopping,,40,0.85,34.0,470
8/16/2025,IRANI CHIYA LOKANTHALI,Income,,1000,0.94,940.0,471
8/10/2025,DD-SALARY,Bills,Credit,100,0.82,82.0,472
10/16/2025,REFUND DARAZ,,CREDIT,10,0.87,8.7,473
9/6/2025,AMZN MKTPLC WA,Income,Debit,20,0.89,-17.8,474
4/11/2025,AMZN MKTPLC WA,Other,debit,50,1.19,-59.5,475
11/24/2025,ESEWA BALANCE TRANSFER,Groceries,CREDIT,100,0.96,96.0,476
8/7/2025,AMAZON PRIME,,DEBIT,50,0.95,-47.5,477
7/9/2025,ATM CASH,Bills,Debit,50,1.02,-51.0,478
9/22/2025,SAFA CHULO #1234,Entertainment,Debit,20,1.2,-24.0,479
11/7/2025,REFUND DARAZ,Shopping,Credit,50,1.02,51.0,480
4/1/2025,Netflix Subscription,Other,Debit,50,1.19,-59.5,481
8/3/2025,AMZN MKTPLC WA,Entertainment,Debit,20,0.83,-16.6,482
2/27/2025,NETFLIX.COM,Income,debit,100,0.89,-89.0,483
2/21/2025,LANDLORD_RENT_PAYMNT,Income,Debit,40,0.83,-33.2,484
10/4/2025,NETFLIX.COM,Uncategorized,Debit,40,0.85,-34.0,485
8/24/2025,REFUND DARAZ,,Debit,20,0.81,-16.2,486
8/10/2025,ESEWA BALANCE TRANSFER,Groceries,Debit,20,0.82,-16.4,487
7/2/2025,NETFLIX.COM,Income,debit,100,0.95,-95.0,488
7/1/2025,AMAZON PRIME,Shopping,Debit,50,1.15,-57.5,489
4/9/2025,PAYCHECK DEPOSIT,Groceries,Credit,10,0.92,9.2,490
4/16/2025,ATM CASH,Groceries,Debit,10,1.01,-10.1,491
12/14/2025,SHELL-FUEL,Bills,,100,0.83,83.0,492
8/19/2025,ESEWA BALANCE TRANSFER,,Debit,100,0.87,-87.0,493
1/13/2026,INDRIVE TRIP,Other,Credit,500,0.97,485.0,494
1/28/2026,Netflix Subscription,Transportation,Debit,20,0.92,-18.4,495
4/23/2025,Netflix Subscription,Transportation,DEBIT,50,0.83,-41.5,496
6/24/2025,Netflix Subscription,Other,Debit,100,0.85,-85.0,497
1/11/2026,IRANI CHIYA LOKANTHALI,Food & Dining,DEBIT,100,1.07,-107.0,498
1/5/2026,ATM WITHDRAWAL,Shopping,Debit,1000,0.93,-930.0,499
9/29/2025,INDRIVE TRIP,Food & Dining,Debit,50,1.12,-56.0,500
1/15/2026,REFUND DARAZ,Uncategorized,Debit,10,1.17,-11.7,501
8/8/2025,NETFLIX.COM,Income,Debit,20,0.98,-19.6,502
7/1/2025,NETFLIX.COM,Groceries,Debit,50,1.01,-50.5,503
6/3/2025,WHOLE FOODS MKT,Other,CREDIT,20,1.06,21.2,504
3/2/2025,REFUND DARAZ,Uncategorized,debit,50,0.85,-42.5,505
10/23/2025,INDRIVE TRIP,Transportation,CREDIT,40,0.99,39.6,506
11/30/2025,Netflix Subscription,Food & Dining,Credit,20,1.19,23.8,507
7/20/2025,ATM CASH,Shopping,Debit,40,0.98,-39.2,508
1/18/2026,INDRIVE TRIP,Shopping,Debit,100,0.96,-96.0,509
12/30/2025,INDRIVE TRIP,Food & Dining,debit,100,0.99,-99.0,510
12/8/2025,CHOWMEIN 1234,Bills,Credit,20,0.82,16.4,511
10/19/2025,ATM CASH,Entertainment,DEBIT,20,1.19,-23.8,512
6/20/2025,ATM WITHDRAWAL,Groceries,Credit,1000,1.01,1010.0,513
9/12/2025,PAYCHECK DEPOSIT,Uncategorized,CREDIT,50,1.03,51.5,514
6/6/2025,REFUND DARAZ,Transportation,DEBIT,50,1.2,-60.0,515
5/1/2025,PAYCHECK DEPOSIT,,Credit,50,0.84,42.0,516
3/2/2025,AMZN MKTPLC WA,Entertainment,CREDIT,50,1.1,55.0,517
5/18/2025,CHOWMEIN 1234,Uncategorized,Credit,20,1.19,23.8,518
6/9/2025,CHOWMEIN 1234,Income,Credit,500,1.04,520.0,519
8/10/2025,DD-SALARY,Transportation,Debit,100,0.97,-97.0,520
10/30/2025,IRANI CHIYA LOKANTHALI,Food & Dining,Debit,10,1.04,-10.4,521
8/2/2025,ESEWA CASHOUT,Income,Credit,50,1.15,57.5,522
4/8/2025,WHOLE FOODS MKT,Income,debit,20,0.95,-19.0,523
2/13/2025,AMZN MKTPLC WA,Groceries,DEBIT,40,0.84,-33.6,524
4/14/2025,INDRIVE TRIP,Income,Credit,40,0.88,35.2,525
10/20/2025,NETFLIX.COM,Food & Dining,Credit,1000,1.11,1110.0,526
9/23/2025,INDRIVE TRIP,,CREDIT,10,0.93,9.3,527
12/23/2025,REFUND DARAZ,Groceries,Credit,20,1.18,23.6,528
6/4/2025,WHOLE FOODS MKT,Food & Dining,Credit,40,0.85,34.0,529
12/29/2025,LANDLORD_RENT_PAYMNT,Other,Debit,1000,0.94,-940.0,530
4/9/2025,IRANI CHIYA LOKANTHALI,Groceries,Credit,100,0.9,90.0,531
7/20/2025,REFUND DARAZ,Other,DEBIT,1000,0.97,-970.0,532
1/26/2026,SAFA CHULO #1234,Food & Dining,DEBIT,40,0.96,-38.4,533
7/9/2025,Netflix Subscription,Entertainment,Credit,10,0.87,8.7,534
2/25/2025,REFUND DARAZ,Bills,debit,50,1.02,-51.0,535
5/14/2025,PAYCHECK DEPOSIT,Groceries,CREDIT,100,1.05,105.0,536
4/7/2025,INDRIVE TRIP,Other,Credit,20,1.17,23.4,537
6/20/2025,Netflix Subscription,Income,Credit,20,1.12,22.4,538
8/11/2025,LANDLORD_RENT_PAYMNT,Shopping,debit,100,1.02,-102.0,539
8/28/2025,ESEWA BALANCE TRANSFER,Food & Dining,Credit,500,1.06,530.0,540
12/25/2025,WHOLE FOODS MKT,Food & Dining,debit,50,0.86,-43.0,541
6/14/2025,IRANI CHIYA LOKANTHALI,Entertainment,Debit,100,0.92,-92.0,542
1/31/2026,SHELL OIL 9876,Shopping,Debit,100,0.91,-91.0,543
4/6/2025,SAFA CHULO #1234,Transportation,debit,10,0.91,-9.1,544
6/15/2025,AMZN MKTPLC WA,,debit,20,1.19,-23.8,545
9/1/2025,ESEWA CASHOUT,Transportation,Debit,500,1.13,-565.0,546
2/20/2025,AMAZON PRIME,Entertainment,Credit,20,1.14,22.8,547
11/30/2025,ATM CASH,Food & Dining,Credit,50,1.06,53.0,548
10/3/2025,WHOLE FOODS MKT,Groceries,Credit,100,1.09,109.0,549
9/15/2025,AMAZON PRIME,Bills,Credit,50,1.16,58.0,550
2/5/2025,SHELL-FUEL,Groceries,Credit,100,1.11,111.0,551
2/22/2025,AMAZON PRIME,Entertainment,Debit,40,0.96,-38.4,552
6/22/2025,CHOWMEIN 1234,Transportation,Debit,50,0.98,-49.0,553
7/16/2025,AMAZON PRIME,Other,Credit,50,1.2,60.0,554
2/15/2025,SHELL OIL 9876,Other,Debit,20,1.04,-20.8,555
2/13/2025,PAYCHECK DEPOSIT,Shopping,Credit,40,1.19,47.6,556
8/17/2025,ATM CASH,Transportation,debit,40,1.08,-43.2,557
12/8/2025,ATM CASH,Entertainment,debit,40,0.96,-38.4,558
6/24/2025,AMAZON PRIME,,CREDIT,40,0.99,39.6,559
5/23/2025,ESEWA CASHOUT,Transportation,CREDIT,50,1.2,60.0,560
3/28/2025,INDRIVE TRIP,Other,,100,0.97,97.0,561
3/11/2025,ESEWA CASHOUT,Uncategorized,Debit,10,0.87,-8.7,562
8/22/2025,LANDLORD_RENT_PAYMNT,Income,DEBIT,100,1.14,-114.0,563
10/27/2025,PAYCHECK DEPOSIT,Entertainment,Debit,1000,0.91,-910.0,564
10/12/2025,LANDLORD_RENT_PAYMNT,Uncategorized,Debit,100,0.83,-83.0,565
5/20/2025,AMAZON PRIME,Uncategorized,debit,20,0.89,-17.8,566
3/23/2025,SAFA CHULO #1234,Food & Dining,DEBIT,20,0.97,-19.4,567
5/16/2025,LANDLORD_RENT_PAYMNT,Bills,Credit,1000,1.15,1150.0,568
8/29/2025,PAYCHECK DEPOSIT,Shopping,Credit,100,0.89,89.0,569
1/7/2026,IRANI CHIYA LOKANTHALI,Groceries,Debit,50,1.07,-53.5,570
8/31/2025,SHELL OIL 9876,Uncategorized,debit,500,0.97,-485.0,571
11/6/2025,AMZN MKTPLC WA,Other,DEBIT,50,0.85,-42.5,572
3/15/2025,SAFA CHULO #1234,Food & Dining,Credit,20,0.82,16.4,573
12/10/2025,AMZN MKTPLC WA,Income,Debit,1000,0.98,-980.0,574
6/17/2025,ESEWA CASHOUT,Entertainment,Debit,50,0.86,-43.0,575
8/29/2025,ESEWA CASHOUT,Other,Debit,50,1.2,-60.0,576
5/9/2025,ATM CASH,,DEBIT,40,1.12,-44.8,577
12/5/2025,CHOWMEIN 1234,Shopping,Credit,20,0.88,17.6,578
4/5/2025,ATM CASH,Shopping,DEBIT,20,0.82,-16.4,579
8/3/2025,Netflix Subscription,Bills,Credit,50,1.05,52.5,580
8/19/2025,CHOWMEIN 1234,Shopping,CREDIT,50,0.91,45.5,581
10/22/2025,IRANI CHIYA LOKANTHALI,Entertainment,CREDIT,20,1.06,21.2,582
1/11/2026,CHOWMEIN 1234,Food & Dining,Credit,40,1.11,44.4,583
11/17/2025,CHOWMEIN 1234,Bills,Debit,40,0.86,-34.4,584
7/23/2025,NETFLIX.COM,Entertainment,DEBIT,20,1.11,-22.2,585
10/14/2025,ATM WITHDRAWAL,,Debit,10,0.97,-9.7,586
5/29/2025,Netflix Subscription,Shopping,Credit,40,1.18,47.2,587
2/20/2025,ESEWA BALANCE TRANSFER,Entertainment,Credit,20,1.1,22.0,588
3/30/2025,IRANI CHIYA LOKANTHALI,Bills,Credit,50,1.18,59.0,589
9/1/2025,WHOLE FOODS MKT,Income,Debit,20,1.04,-20.8,590
2/7/2025,ESEWA BALANCE TRANSFER,Entertainment,Credit,1000,1.06,1060.0,591
12/12/2025,IRANI CHIYA LOKANTHALI,Income,Debit,100,1.08,-108.0,592
11/18/2025,ATM CASH,Income,Credit,10,1.15,11.5,593
6/2/2025,ESEWA CASHOUT,Shopping,debit,50,1.07,-53.5,594
3/9/2025,SHELL OIL 9876,Bills,debit,50,0.94,-47.0,595
4/24/2025,SHELL OIL 9876,Other,Debit,20,0.81,-16.2,596
8/18/2025,AMZN MKTPLC WA,Uncategorized,debit,20,1.18,-23.6,597
4/3/2025,DD-SALARY,Entertainment,Debit,100,0.9,-90.0,598
5/16/2025,SAFA CHULO #1234,Bills,DEBIT,20,0.84,-16.8,599
7/25/2025,AMAZON PRIME,Other,Credit,40,0.81,32.4,600
10/14/2025,LANDLORD_RENT_PAYMNT,Entertainment,Credit,40,1.17,46.8,601
12/12/2025,IRANI CHIYA LOKANTHALI,Uncategorized,Credit,40,0.84,33.6,602
2/6/2025,ATM WITHDRAWAL,Bills,CREDIT,50,1.15,57.5,603
5/25/2025,SAFA CHULO #1234,Other,debit,20,1.06,-21.2,604
1/15/2026,ESEWA BALANCE TRANSFER,Uncategorized,Credit,50,0.87,43.5,605
10/14/2025,SHELL OIL 9876,,Debit,40,0.9,-36.0,606
4/10/2025,LANDLORD_RENT_PAYMNT,Shopping,Debit,20,0.92,-18.4,607
1/1/2026,SAFA CHULO #1234,Entertainment,Credit,100,1.07,107.0,608
4/9/2025,LANDLORD_RENT_PAYMNT,Entertainment,DEBIT,100,1.17,-117.0,609
5/10/2025,IRANI CHIYA LOKANTHALI,Shopping,DEBIT,100,0.9,-90.0,610
5/11/2025,AMZN MKTPLC WA,Entertainment,Credit,40,1.11,44.4,611
4/13/2025,DD-SALARY,Shopping,debit,40,0.9,-36.0,612
1/27/2026,SAFA CHULO #1234,Other,debit,10,1.03,-10.3,613
2/18/2025,LANDLORD_RENT_PAYMNT,Uncategorized,Credit,40,1.18,47.2,614
5/30/2025,Netflix Subscription,Income,Credit,50,1.12,56.0,615
1/28/2026,Netflix Subscription,,DEBIT,100,1.1,-110.0,616
1/16/2026,Netflix Subscription,Food & Dining,Debit,50,1.02,-51.0,617
8/3/2025,IRANI CHIYA LOKANTHALI,Bills,debit,500,1.11,-555.0,618
4/9/2025,AMZN MKTPLC WA,Groceries,Debit,20,1.19,-23.8,619
7/18/2025,PAYCHECK DEPOSIT,,Credit,40,1.18,47.2,620
12/16/2025,PAYCHECK DEPOSIT,Bills,Debit,100,0.93,-93.0,621
3/16/2025,Netflix Subscription,Income,debit,40,0.81,-32.4,622
11/13/2025,AMAZON PRIME,Bills,Debit,20,1.0,-20.0,623
1/9/2026,PAYCHECK DEPOSIT,Income,debit,100,0.9,-90.0,624
5/21/2025,SHELL OIL 9876,Food & Dining,Credit,20,1.19,23.8,625
9/11/2025,SHELL-FUEL,Bills,Credit,1000,0.98,980.0,626
9/3/2025,SHELL-FUEL,Transportation,debit,50,0.95,-47.5,627
7/25/2025,ATM CASH,Shopping,Credit,50,1.2,60.0,628
6/12/2025,ATM WITHDRAWAL,Entertainment,CREDIT,20,1.06,21.2,629
5/13/2025,SHELL-FUEL,Groceries,Credit,20,1.08,21.6,630
10/1/2025,PAYCHECK DEPOSIT,Groceries,Credit,100,1.04,104.0,631
1/26/2026,ATM WITHDRAWAL,Entertainment,CREDIT,50,1.16,58.0,632
3/26/2025,LANDLORD_RENT_PAYMNT,Other,Debit,50,0.89,-44.5,633
2/15/2025,INDRIVE TRIP,Uncategorized,Debit,50,0.95,-47.5,634
10/11/2025,INDRIVE TRIP,Shopping,DEBIT,10,0.83,-8.3,635
5/21/2025,Netflix Subscription,Bills,DEBIT,50,0.96,-48.0,636
7/19/2025,REFUND DARAZ,Entertainment,Credit,40,0.8,32.0,637
5/2/2025,LANDLORD_RENT_PAYMNT,Food & Dining,Credit,100,0.89,89.0,638
2/16/2025,NETFLIX.COM,Transportation,Credit,50,1.11,55.5,639
5/30/2025,WHOLE FOODS MKT,Groceries,Debit,20,0.92,-18.4,640
3/12/2025,REFUND DARAZ,Shopping,DEBIT,100,1.07,-107.0,641
6/16/2025,Netflix Subscription,Uncategorized,debit,20,0.88,-17.6,642
6/18/2025,INDRIVE TRIP,Bills,Credit,100,1.02,102.0,643
4/7/2025,PAYCHECK DEPOSIT,Transportation,Credit,50,1.14,57.0,644
8/14/2025,CHOWMEIN 1234,Groceries,debit,20,1.06,-21.2,645
1/21/2026,Netflix Subscription,Uncategorized,Debit,100,1.2,-120.0,646
4/30/2025,SHELL OIL 9876,Entertainment,,50,1.01,50.5,647
4/6/2025,DD-SALARY,Groceries,debit,50,1.0,-50.0,648
9/23/2025,WHOLE FOODS MKT,Entertainment,Debit,50,0.87,-43.5,649
1/26/2026,SHELL-FUEL,Groceries,Credit,100,1.08,108.0,650
1/14/2026,SHELL OIL 9876,Transportation,Credit,1000,1.05,1050.0,651
5/26/2025,CHOWMEIN 1234,Income,,10,0.91,9.1,652
2/10/2025,SHELL OIL 9876,Shopping,Credit,40,1.03,41.2,653
3/18/2025,SAFA CHULO #1234,Uncategorized,Credit,20,1.15,23.0,654
5/6/2025,SAFA CHULO #1234,Uncategorized,Credit,10,0.96,9.6,655
2/8/2025,Netflix Subscription,Bills,Debit,50,1.05,-52.5,656
4/22/2025,NETFLIX.COM,Uncategorized,Credit,20,1.04,20.8,657
10/16/2025,AMZN MKTPLC WA,Transportation,Debit,20,1.0,-20.0,658
11/1/2025,ESEWA CASHOUT,Income,Credit,500,0.85,425.0,659
11/14/2025,ESEWA BALANCE TRANSFER,Bills,Debit,20,1.09,-21.8,660
4/13/2025,SHELL-FUEL,Income,Debit,20,1.02,-20.4,661
8/17/2025,NETFLIX.COM,Bills,Debit,20,1.07,-21.4,662
4/27/2025,ATM WITHDRAWAL,Entertainment,Credit,40,0.9,36.0,663
2/7/2025,ESEWA CASHOUT,Uncategorized,Credit,10,0.93,9.3,664
9/1/2025,REFUND DARAZ,Other,Credit,20,0.86,17.2,665
7/14/2025,LANDLORD_RENT_PAYMNT,,debit,50,0.82,-41.0,666
8/6/2025,SHELL-FUEL,Shopping,Credit,40,1.14,45.6,667
2/19/2025,Netflix Subscription,,Debit,100,1.13,-113.0,668
6/3/2025,LANDLORD_RENT_PAYMNT,Transportation,Credit,50,1.08,54.0,669
11/10/2025,ESEWA BALANCE TRANSFER,Income,Credit,40,0.96,38.4,670
9/23/2025,AMZN MKTPLC WA,Shopping,Credit,50,1.11,55.5,671
11/16/2025,ATM WITHDRAWAL,,debit,50,0.81,-40.5,672
12/21/2025,DD-SALARY,Income,DEBIT,100,0.9,-90.0,673
1/24/2026,SHELL-FUEL,Shopping,debit,20,0.83,-16.6,674
7/24/2025,PAYCHECK DEPOSIT,Income,debit,20,1.14,-22.8,675
6/20/2025,SHELL OIL 9876,,Credit,20,1.03,20.6,676
7/29/2025,ESEWA CASHOUT,Transportation,Credit,100,0.89,89.0,677
2/16/2025,INDRIVE TRIP,,Debit,20,0.97,-19.4,678
12/7/2025,Netflix Subscription,,debit,20,1.14,-22.8,679
7/20/2025,WHOLE FOODS MKT,Transportation,Debit,20,0.98,-19.6,680
9/30/2025,WHOLE FOODS MKT,Bills,Credit,50,1.13,56.5,681
6/16/2025,ESEWA BALANCE TRANSFER,Groceries,Credit,100,1.15,115.0,682
9/24/2025,AMZN MKTPLC WA,Transportation,Debit,10,0.96,-9.6,683
7/22/2025,ATM WITHDRAWAL,Groceries,Credit,20,1.05,21.0,684
7/13/2025,IRANI CHIYA LOKANTHALI,Other,debit,100,1.14,-114.0,685
4/23/2025,CHOWMEIN 1234,Shopping,Debit,500,0.89,-445.0,686
9/12/2025,PAYCHECK DEPOSIT,Food & Dining,debit,40,1.2,-48.0,687
3/21/2025,WHOLE FOODS MKT,Uncategorized,debit,40,1.12,-44.8,688
5/18/2025,IRANI CHIYA LOKANTHALI,Bills,Credit,100,0.94,94.0,689
1/31/2026,ATM CASH,Bills,Credit,500,0.8,400.0,690
6/16/2025,REFUND DARAZ,Uncategorized,Credit,100,0.82,82.0,691
9/7/2025,SHELL-FUEL,Food & Dining,Debit,20,1.18,-23.6,692
8/29/2025,SHELL OIL 9876,Shopping,Debit,40,0.93,-37.2,693
5/21/2025,INDRIVE TRIP,Groceries,Debit,20,0.87,-17.4,694
10/6/2025,REFUND DARAZ,Groceries,CREDIT,100,1.02,102.0,695
7/9/2025,ESEWA BALANCE TRANSFER,,debit,10,0.91,-9.1,696
4/3/2025,SHELL OIL 9876,Bills,Credit,40,0.84,33.6,697
11/6/2025,AMAZON PRIME,Income,CREDIT,20,0.83,16.6,698
1/19/2026,Netflix Subscription,Bills,CREDIT,50,1.11,55.5,699
6/24/2025,ATM WITHDRAWAL,Other,Debit,20,1.08,-21.6,700
3/28/2025,AMAZON PRIME,Income,Debit,20,1.05,-21.0,701
1/1/2026,WHOLE FOODS MKT,Uncategorized,Debit,500,1.08,-540.0,702
11/22/2025,WHOLE FOODS MKT,Shopping,CREDIT,1000,0.85,850.0,703
2/12/2025,Netflix Subscription,Groceries,Debit,20,1.16,-23.2,704
1/4/2026,WHOLE FOODS MKT,Shopping,debit,1000,0.84,-840.0,705
7/17/2025,SAFA CHULO #1234,Groceries,Credit,20,0.9,18.0,706
10/12/2025,SHELL OIL 9876,Transportation,Debit,40,0.97,-38.8,707
12/5/2025,WHOLE FOODS MKT,Bills,Credit,40,0.88,35.2,708
3/18/2025,WHOLE FOODS MKT,,CREDIT,100,0.97,97.0,709
3/2/2025,Netflix Subscription,,DEBIT,40,1.11,-44.4,710
2/5/2025,NETFLIX.COM,Uncategorized,Credit,100,1.0,100.0,711
10/24/2025,NETFLIX.COM,Food & Dining,Credit,10,1.0,10.0,712
7/18/2025,ESEWA CASHOUT,Entertainment,Debit,100,1.1,-110.0,713
9/9/2025,SHELL OIL 9876,Entertainment,debit,20,0.96,-19.2,714
7/18/2025,SAFA CHULO #1234,Income,Debit,40,0.88,-35.2,715
9/9/2025,Netflix Subscription,Food & Dining,Credit,10,1.14,11.4,716
4/30/2025,IRANI CHIYA LOKANTHALI,Uncategorized,Debit,20,0.85,-17.0,717
6/30/2025,AMZN MKTPLC WA,Income,debit,100,0.83,-83.0,718
10/23/2025,NETFLIX.COM,Food & Dining,Debit,20,0.82,-16.4,719
3/28/2025,DD-SALARY,Uncategorized,Credit,100,1.11,111.0,720
7/26/2025,WHOLE FOODS MKT,Income,,1000,0.84,840.0,721
3/28/2025,ATM WITHDRAWAL,Food & Dining,debit,50,0.95,-47.5,722
12/4/2025,ESEWA CASHOUT,Shopping,CREDIT,100,0.98,98.0,723
8/18/2025,CHOWMEIN 1234,Shopping,CREDIT,40,1.06,42.4,724
2/27/2025,LANDLORD_RENT_PAYMNT,Uncategorized,Debit,100,0.88,-88.0,725
8/29/2025,CHOWMEIN 1234,Entertainment,Debit,50,0.84,-42.0,726
4/5/2025,ATM WITHDRAWAL,Shopping,DEBIT,100,0.81,-81.0,727
4/11/2025,ATM WITHDRAWAL,Bills,DEBIT,100,1.19,-119.0,728
12/30/2025,REFUND DARAZ,Shopping,,100,1.05,105.0,729
10/15/2025,WHOLE FOODS MKT,Income,Debit,50,1.04,-52.0,730
4/6/2025,WHOLE FOODS MKT,Other,CREDIT,100,0.95,95.0,731
9/24/2025,SHELL OIL 9876,Food & Dining,DEBIT,100,1.04,-104.0,732
2/17/2025,Netflix Subscription,Entertainment,Debit,50,1.14,-57.0,733
4/24/2025,AMAZON PRIME,Entertainment,Credit,40,1.0,40.0,734
12/14/2025,ESEWA BALANCE TRANSFER,Food & Dining,Debit,500,1.07,-535.0,735
3/19/2025,INDRIVE TRIP,Income,Debit,500,0.93,-465.0,736
10/12/2025,DD-SALARY,Bills,Debit,20,1.0,-20.0,737
6/2/2025,SAFA CHULO #1234,Other,debit,20,1.15,-23.0,738
1/12/2026,ESEWA CASHOUT,Bills,DEBIT,20,0.91,-18.2,739
11/8/2025,SHELL OIL 9876,Shopping,CREDIT,1000,0.83,830.0,740
8/7/2025,AMAZON PRIME,Transportation,Credit,20,0.93,18.6,741
9/25/2025,SHELL-FUEL,,Credit,50,0.95,47.5,742
11/13/2025,CHOWMEIN 1234,Food & Dining,CREDIT,40,1.02,40.8,743
9/10/2025,SHELL OIL 9876,Income,Debit,40,1.02,-40.8,744
2/10/2025,ATM CASH,Transportation,Debit,50,1.17,-58.5,745
1/4/2026,ATM WITHDRAWAL,Income,Debit,40,1.04,-41.6,746
3/28/2025,SHELL-FUEL,Food & Dining,DEBIT,100,1.13,-113.0,747
11/30/2025,REFUND DARAZ,Transportation,Credit,40,0.89,35.6,748
6/2/2025,PAYCHECK DEPOSIT,Entertainment,Credit,50,1.01,50.5,749
4/21/2025,REFUND DARAZ,Food & Dining,CREDIT,40,1.18,47.2,750
2/2/2026,ESEWA CASHOUT,Groceries,Credit,50,1.06,53.0,751
4/8/2025,IRANI CHIYA LOKANTHALI,Transportation,Debit,40,1.12,-44.8,752
7/12/2025,AMAZON PRIME,Uncategorized,debit,20,1.0,-20.0,753
8/15/2025,WHOLE FOODS MKT,Other,debit,20,1.01,-20.2,754
10/11/2025,PAYCHECK DEPOSIT,Uncategorized,Credit,50,1.03,51.5,755
4/28/2025,ESEWA CASHOUT,,CREDIT,100,0.87,87.0,756
10/13/2025,SHELL OIL 9876,Groceries,Credit,100,0.98,98.0,757
8/9/2025,CHOWMEIN 1234,Uncategorized,Credit,100,1.04,104.0,758
9/2/2025,DD-SALARY,Food & Dining,,40,1.13,45.2,759
7/4/2025,INDRIVE TRIP,Bills,Debit,20,1.12,-22.4,760
8/19/2025,SHELL-FUEL,Uncategorized,Credit,100,1.18,118.0,761
10/25/2025,LANDLORD_RENT_PAYMNT,Groceries,CREDIT,10,1.08,10.8,762
1/21/2026,SHELL OIL 9876,Food & Dining,Credit,10,0.93,9.3,763
6/12/2025,SAFA CHULO #1234,Uncategorized,Debit,20,1.11,-22.2,764
9/12/2025,ESEWA BALANCE TRANSFER,Groceries,debit,20,1.02,-20.4,765
8/17/2025,IRANI CHIYA LOKANTHALI,Other,CREDIT,40,1.12,44.8,766
8/3/2025,LANDLORD_RENT_PAYMNT,Food & Dining,DEBIT,50,0.86,-43.0,767
5/6/2025,ATM CASH,Uncategorized,debit,20,1.13,-22.6,768
12/24/2025,DD-SALARY,,DEBIT,50,0.99,-49.5,769
4/2/2025,LANDLORD_RENT_PAYMNT,Entertainment,Credit,20,0.81,16.2,770
8/31/2025,INDRIVE TRIP,Bills,DEBIT,50,1.04,-52.0,771
8/31/2025,Netflix Subscription,Income,DEBIT,10,0.86,-8.6,772
3/29/2025,LANDLORD_RENT_PAYMNT,Income,debit,10,1.13,-11.3,773
3/23/2025,ATM WITHDRAWAL,Entertainment,CREDIT,20,1.11,22.2,774
5/20/2025,Netflix Subscription,Entertainment,CREDIT,50,1.16,58.0,775
6/6/2025,DD-SALARY,Transportation,debit,50,1.11,-55.5,776
5/18/2025,SHELL OIL 9876,Shopping,debit,40,1.05,-42.0,777
3/30/2025,ESEWA CASHOUT,Entertainment,Debit,100,0.81,-81.0,778
11/30/2025,Netflix Subscription,Shopping,CREDIT,1000,1.12,1120.0,779
6/6/2025,AMZN MKTPLC WA,Transportation,debit,50,1.09,-54.5,780
4/15/2025,DD-SALARY,Other,DEBIT,40,0.84,-33.6,781
10/10/2025,PAYCHECK DEPOSIT,Other,Debit,100,0.86,-86.0,782
5/25/2025,AMAZON PRIME,Groceries,Debit,100,1.02,-102.0,783
7/18/2025,REFUND DARAZ,Shopping,Credit,40,0.87,34.8,784
12/12/2025,IRANI CHIYA LOKANTHALI,Shopping,DEBIT,20,0.82,-16.4,785
12/5/2025,DD-SALARY,,,40,0.96,38.4,786
6/4/2025,ATM WITHDRAWAL,Other,debit,20,1.03,-20.6,787
5/21/2025,REFUND DARAZ,Groceries,Debit,40,0.94,-37.6,788
8/16/2025,ESEWA BALANCE TRANSFER,Income,DEBIT,50,0.98,-49.0,789
8/31/2025,WHOLE FOODS MKT,,DEBIT,10,1.09,-10.9,790
9/3/2025,AMZN MKTPLC WA,Food & Dining,Credit,50,0.86,43.0,791
2/12/2025,NETFLIX.COM,Transportation,Credit,500,0.8,400.0,792
8/28/2025,Netflix Subscription,Other,,50,0.93,46.5,793
3/6/2025,SHELL OIL 9876,Entertainment,DEBIT,50,0.86,-43.0,794
7/8/2025,IRANI CHIYA LOKANTHALI,Entertainment,CREDIT,10,0.86,8.6,795
10/14/2025,DD-SALARY,Uncategorized,debit,100,1.01,-101.0,796
7/27/2025,DD-SALARY,Food & Dining,DEBIT,50,1.01,-50.5,797
9/30/2025,SAFA CHULO #1234,Other,DEBIT,40,0.94,-37.6,798
10/26/2025,AMAZON PRIME,Transportation,Credit,20,0.89,17.8,799
8/6/2025,Netflix Subscription,Transportation,Debit,20,0.97,-19.4,800
9/15/2025,DD-SALARY,Entertainment,Credit,10,0.98,9.8,801
2/19/2025,SHELL-FUEL,Entertainment,Credit,100,1.02,102.0,802
10/1/2025,SHELL-FUEL,Entertainment,debit,500,0.92,-460.0,803
4/18/2025,ESEWA BALANCE TRANSFER,Income,Credit,20,0.85,17.0,804
8/14/2025,Netflix Subscription,Shopping,Credit,20,0.82,16.4,805
1/3/2026,ATM CASH,Bills,debit,50,1.02,-51.0,806
3/11/2025,NETFLIX.COM,Shopping,Debit,20,0.83,-16.6,807
7/19/2025,ESEWA BALANCE TRANSFER,Food & Dining,Credit,50,0.81,40.5,808
8/28/2025,AMZN MKTPLC WA,Income,DEBIT,1000,1.19,-1190.0,809
3/29/2025,WHOLE FOODS MKT,Bills,Debit,100,1.15,-115.0,810
9/28/2025,AMZN MKTPLC WA,Other,debit,20,1.01,-20.2,811
7/29/2025,DD-SALARY,,DEBIT,50,0.9,-45.0,812
11/17/2025,SAFA CHULO #1234,Income,DEBIT,20,0.8,-16.0,813
8/16/2025,ESEWA CASHOUT,Bills,Credit,40,1.03,41.2,814
10/29/2025,NETFLIX.COM,Other,Credit,100,0.94,94.0,815
5/18/2025,CHOWMEIN 1234,Groceries,Credit,100,0.87,87.0,816
9/17/2025,WHOLE FOODS MKT,Shopping,DEBIT,20,0.92,-18.4,817
11/3/2025,PAYCHECK DEPOSIT,Shopping,Credit,40,0.93,37.2,818
5/12/2025,SHELL-FUEL,Groceries,Credit,500,1.13,565.0,819
5/5/2025,INDRIVE TRIP,Other,debit,100,0.99,-99.0,820
1/21/2026,INDRIVE TRIP,Income,debit,50,1.03,-51.5,821
1/17/2026,IRANI CHIYA LOKANTHALI,Shopping,Credit,50,0.85,42.5,822
7/19/2025,AMAZON PRIME,Transportation,CREDIT,20,0.81,16.2,823
5/14/2025,DD-SALARY,Uncategorized,Credit,20,1.19,23.8,824
10/4/2025,CHOWMEIN 1234,Entertainment,,40,0.93,37.2,825
11/26/2025,PAYCHECK DEPOSIT,Other,Credit,50,1.05,52.5,826
8/2/2025,Netflix Subscription,Bills,DEBIT,10,1.01,-10.1,827
12/14/2025,NETFLIX.COM,Uncategorized,Debit,100,1.18,-118.0,828
5/10/2025,DD-SALARY,Entertainment,Debit,10,0.85,-8.5,829
10/24/2025,ATM WITHDRAWAL,Bills,Debit,20,0.83,-16.6,830
10/22/2025,ATM CASH,Groceries,CREDIT,50,0.85,42.5,831
1/19/2026,SAFA CHULO #1234,Other,Credit,100,1.11,111.0,832
11/7/2025,SAFA CHULO #1234,Shopping,debit,40,1.04,-41.6,833
12/19/2025,NETFLIX.COM,Food & Dining,,20,0.9,18.0,834
4/19/2025,PAYCHECK DEPOSIT,Other,debit,20,1.02,-20.4,835
2/11/2025,ESEWA CASHOUT,Entertainment,DEBIT,40,0.88,-35.2,836
2/25/2025,Netflix Subscription,Bills,CREDIT,50,0.92,46.0,837
12/17/2025,AMZN MKTPLC WA,Food & Dining,Credit,100,1.11,111.0,838
4/11/2025,INDRIVE TRIP,Income,Credit,40,1.06,42.4,839
10/9/2025,SHELL-FUEL,Food & Dining,debit,40,0.96,-38.4,840
7/13/2025,NETFLIX.COM,Shopping,Debit,40,1.19,-47.6,841
12/12/2025,INDRIVE TRIP,Other,debit,40,1.17,-46.8,842
6/5/2025,SAFA CHULO #1234,Transportation,debit,100,1.16,-116.0,843
3/10/2025,ATM CASH,Bills,CREDIT,20,0.96,19.2,844
2/21/2025,ATM WITHDRAWAL,Shopping,Credit,10,0.9,9.0,845
7/8/2025,LANDLORD_RENT_PAYMNT,Entertainment,Credit,10,1.06,10.6,846
9/23/2025,IRANI CHIYA LOKANTHALI,Groceries,Credit,20,1.17,23.4,847
5/14/2025,DD-SALARY,Food & Dining,Credit,20,0.99,19.8,848
7/1/2025,SHELL OIL 9876,Food & Dining,Debit,1000,0.91,-910.0,849
6/19/2025,ATM WITHDRAWAL,Shopping,CREDIT,40,1.11,44.4,850
4/11/2025,PAYCHECK DEPOSIT,Income,debit,20,0.88,-17.6,851
3/29/2025,CHOWMEIN 1234,Uncategorized,CREDIT,50,1.16,58.0,852
12/22/2025,DD-SALARY,Food & Dining,debit,10,0.84,-8.4,853
9/28/2025,SHELL OIL 9876,Transportation,Credit,100,1.12,112.0,854
11/25/2025,INDRIVE TRIP,Groceries,Credit,50,1.0,50.0,855
11/2/2025,ESEWA CASHOUT,Transportation,DEBIT,100,1.14,-114.0,856
12/8/2025,LANDLORD_RENT_PAYMNT,Income,Credit,10,1.16,11.6,857
12/31/2025,SHELL-FUEL,Transportation,DEBIT,40,0.81,-32.4,858
5/15/2025,SHELL-FUEL,,Credit,40,1.1,44.0,859
8/20/2025,DD-SALARY,Groceries,Debit,40,1.19,-47.6,860
12/16/2025,INDRIVE TRIP,Uncategorized,Credit,50,0.92,46.0,861
8/4/2025,IRANI CHIYA LOKANTHALI,Other,Debit,50,0.84,-42.0,862
7/4/2025,DD-SALARY,Shopping,Credit,40,1.07,42.8,863
12/20/2025,ATM WITHDRAWAL,Income,DEBIT,50,1.11,-55.5,864
6/6/2025,ATM CASH,Shopping,Debit,100,1.13,-113.0,865
2/14/2025,AMZN MKTPLC WA,Income,debit,50,0.85,-42.5,866
12/17/2025,IRANI CHIYA LOKANTHALI,,debit,100,0.83,-83.0,867
8/26/2025,ESEWA CASHOUT,Entertainment,Credit,50,1.05,52.5,868
2/1/2026,DD-SALARY,Uncategorized,CREDIT,50,1.18,59.0,869
3/19/2025,ATM WITHDRAWAL,Income,debit,50,1.13,-56.5,870
2/14/2025,ATM WITHDRAWAL,Other,DEBIT,20,1.08,-21.6,871
3/31/2025,INDRIVE TRIP,Groceries,Credit,100,1.2,120.0,872
5/7/2025,Netflix Subscription,Uncategorized,Debit,50,0.84,-42.0,873
2/11/2025,ESEWA CASHOUT,Shopping,Debit,100,0.88,-88.0,874
5/18/2025,Netflix Subscription,Income,debit,100,0.81,-81.0,875
5/17/2025,REFUND DARAZ,Uncategorized,Debit,50,0.98,-49.0,876
9/23/2025,CHOWMEIN 1234,Groceries,,100,0.83,83.0,877
4/8/2025,SAFA CHULO #1234,Shopping,Debit,50,1.07,-53.5,878
4/14/2025,Netflix Subscription,Income,Debit,10,0.95,-9.5,879
7/16/2025,LANDLORD_RENT_PAYMNT,Uncategorized,DEBIT,40,0.95,-38.0,880
4/28/2025,ATM CASH,Transportation,Credit,50,1.1,55.0,881
1/13/2026,LANDLORD_RENT_PAYMNT,Groceries,debit,40,0.88,-35.2,882
2/20/2025,LANDLORD_RENT_PAYMNT,Shopping,Debit,10,0.84,-8.4,883
8/4/2025,SAFA CHULO #1234,Entertainment,debit,50,1.01,-50.5,884
12/26/2025,AMAZON PRIME,Bills,debit,100,0.81,-81.0,885
12/12/2025,INDRIVE TRIP,Other,debit,50,1.12,-56.0,886
9/12/2025,AMAZON PRIME,Bills,Debit,20,0.88,-17.6,887
2/7/2025,AMZN MKTPLC WA,Other,DEBIT,50,0.88,-44.0,888
7/16/2025,PAYCHECK DEPOSIT,,Credit,100,0.93,93.0,889
12/25/2025,ESEWA CASHOUT,Shopping,Credit,20,0.89,17.8,890
10/13/2025,WHOLE FOODS MKT,Food & Dining,debit,10,1.03,-10.3,891
5/3/2025,PAYCHECK DEPOSIT,Income,CREDIT,100,0.97,97.0,892
7/26/2025,SHELL-FUEL,Income,Debit,50,1.16,-58.0,893
5/3/2025,DD-SALARY,Entertainment,Debit,100,0.96,-96.0,894
7/16/2025,PAYCHECK DEPOSIT,Uncategorized,Debit,1000,0.99,-990.0,895
7/5/2025,ESEWA BALANCE TRANSFER,Income,DEBIT,40,0.94,-37.6,896
9/13/2025,CHOWMEIN 1234,Bills,Debit,40,0.85,-34.0,897
9/17/2025,AMZN MKTPLC WA,Entertainment,Debit,50,0.85,-42.5,898
10/7/2025,ESEWA BALANCE TRANSFER,Food & Dining,Debit,50,1.11,-55.5,899
6/12/2025,ATM CASH,Transportation,debit,20,1.14,-22.8,900
8/21/2025,LANDLORD_RENT_PAYMNT,Shopping,Debit,10,1.14,-11.4,901
11/29/2025,NETFLIX.COM,Entertainment,Debit,100,1.16,-116.0,902
6/7/2025,LANDLORD_RENT_PAYMNT,Bills,Debit,10,0.88,-8.8,903
6/20/2025,SHELL-FUEL,Income,Debit,50,0.91,-45.5,904
1/7/2026,CHOWMEIN 1234,Income,DEBIT,50,0.98,-49.0,905
7/29/2025,REFUND DARAZ,Transportation,DEBIT,50,1.03,-51.5,906
6/27/2025,ATM WITHDRAWAL,Groceries,Debit,20,0.86,-17.2,907
6/28/2025,AMZN MKTPLC WA,Other,DEBIT,10,1.15,-11.5,908
11/14/2025,SHELL-FUEL,Food & Dining,Credit,40,1.04,41.6,909
12/25/2025,AMAZON PRIME,Groceries,debit,20,0.88,-17.6,910
9/20/2025,Netflix Subscription,Income,Debit,100,1.14,-114.0,911
1/29/2026,SAFA CHULO #1234,,debit,500,1.08,-540.0,912
11/8/2025,SAFA CHULO #1234,Entertainment,Credit,50,0.91,45.5,913
3/18/2025,AMZN MKTPLC WA,Groceries,debit,20,1.03,-20.6,914
11/26/2025,ESEWA CASHOUT,Other,Credit,10,0.95,9.5,915
12/29/2025,REFUND DARAZ,Other,CREDIT,40,0.91,36.4,916
5/26/2025,INDRIVE TRIP,Groceries,DEBIT,50,1.0,-50.0,917
3/3/2025,IRANI CHIYA LOKANTHALI,Income,,500,1.11,555.0,918
7/12/2025,INDRIVE TRIP,,Debit,50,0.88,-44.0,919
5/14/2025,AMAZON PRIME,,DEBIT,500,0.87,-435.0,920
1/16/2026,CHOWMEIN 1234,Uncategorized,Debit,500,0.96,-480.0,921
3/22/2025,INDRIVE TRIP,Income,Debit,100,1.18,-118.0,922
10/3/2025,ESEWA CASHOUT,Food & Dining,CREDIT,50,0.98,49.0,923
5/22/2025,CHOWMEIN 1234,Income,Credit,50,1.0,50.0,924
11/26/2025,DD-SALARY,Food & Dining,debit,20,0.99,-19.8,925
7/30/2025,REFUND DARAZ,Bills,DEBIT,40,1.03,-41.2,926
10/11/2025,ESEWA CASHOUT,Food & Dining,Credit,20,0.87,17.4,927
1/24/2026,Netflix Subscription,Transportation,DEBIT,40,0.9,-36.0,928
8/12/2025,ESEWA CASHOUT,Shopping,Credit,10,0.96,9.6,929
4/4/2025,REFUND DARAZ,Income,Debit,10,1.15,-11.5,930
2/19/2025,SAFA CHULO #1234,Income,Credit,20,0.92,18.4,931
3/6/2025,SAFA CHULO #1234,Food & Dining,debit,50,1.16,-58.0,932
8/27/2025,AMAZON PRIME,Transportation,Debit,50,1.04,-52.0,933
6/15/2025,DD-SALARY,Other,Debit,10,1.09,-10.9,934
8/13/2025,REFUND DARAZ,Income,Credit,50,0.85,42.5,935
11/10/2025,ESEWA BALANCE TRANSFER,Uncategorized,debit,50,0.97,-48.5,936
10/17/2025,Netflix Subscription,Transportation,debit,100,1.01,-101.0,937
12/4/2025,IRANI CHIYA LOKANTHALI,Transportation,DEBIT,1000,1.16,-1160.0,938
2/11/2025,WHOLE FOODS MKT,Uncategorized,CREDIT,20,1.16,23.2,939
11/14/2025,AMZN MKTPLC WA,Bills,Credit,50,1.08,54.0,940
4/23/2025,Netflix Subscription,,DEBIT,100,0.93,-93.0,941
4/22/2025,SHELL OIL 9876,Other,Debit,20,1.09,-21.8,942
2/8/2025,LANDLORD_RENT_PAYMNT,Groceries,Debit,20,0.94,-18.8,943
10/4/2025,ESEWA BALANCE TRANSFER,Income,Credit,20,0.86,17.2,944
4/5/2025,PAYCHECK DEPOSIT,Groceries,CREDIT,20,1.07,21.4,945
2/6/2025,LANDLORD_RENT_PAYMNT,Entertainment,debit,100,0.96,-96.0,946
1/18/2026,ESEWA CASHOUT,Groceries,Debit,50,1.07,-53.5,947
12/20/2025,IRANI CHIYA LOKANTHALI,Uncategorized,Credit,10,1.13,11.3,948
10/28/2025,SHELL OIL 9876,Groceries,Credit,20,1.07,21.4,949
6/14/2025,ESEWA CASHOUT,Transportation,DEBIT,50,0.92,-46.0,950
12/7/2025,LANDLORD_RENT_PAYMNT,Other,debit,40,0.98,-39.2,951
10/31/2025,ESEWA CASHOUT,Shopping,DEBIT,100,1.12,-112.0,952
2/21/2025,ESEWA BALANCE TRANSFER,Shopping,Debit,20,1.18,-23.6,953
10/16/2025,NETFLIX.COM,Income,DEBIT,10,1.02,-10.2,954
2/23/2025,PAYCHECK DEPOSIT,Shopping,Credit,40,0.88,35.2,955
4/16/2025,SHELL-FUEL,Transportation,Credit,100,1.02,102.0,956
12/2/2025,AMZN MKTPLC WA,Uncategorized,Debit,50,1.03,-51.5,957
2/5/2025,DD-SALARY,Shopping,Debit,50,0.84,-42.0,958
3/9/2025,PAYCHECK DEPOSIT,Food & Dining,Debit,20,0.93,-18.6,959
7/17/2025,ATM CASH,Income,DEBIT,100,1.07,-107.0,960
2/13/2025,ESEWA BALANCE TRANSFER,Transportation,Debit,1000,0.97,-970.0,961
5/6/2025,Netflix Subscription,,Debit,50,1.04,-52.0,962
8/7/2025,IRANI CHIYA LOKANTHALI,Uncategorized,Credit,50,1.07,53.5,963
2/2/2026,ESEWA CASHOUT,Transportation,debit,100,1.14,-114.0,964
3/27/2025,AMZN MKTPLC WA,Other,debit,40,0.93,-37.2,965
5/31/2025,NETFLIX.COM,Uncategorized,Credit,50,1.06,53.0,966
8/21/2025,SHELL-FUEL,,Debit,50,0.83,-41.5,967
5/17/2025,ATM CASH,,Debit,40,1.03,-41.2,968
5/18/2025,SHELL-FUEL,Uncategorized,DEBIT,40,1.0,-40.0,969
10/25/2025,CHOWMEIN 1234,Other,Credit,40,1.18,47.2,970
3/20/2025,CHOWMEIN 1234,Income,Debit,20,0.95,-19.0,971
4/4/2025,CHOWMEIN 1234,Income,Credit,50,0.81,40.5,972
5/11/2025,ESEWA BALANCE TRANSFER,Groceries,debit,50,1.07,-53.5,973
5/1/2025,SHELL OIL 9876,Shopping,,50,0.97,48.5,974
1/7/2026,DD-SALARY,Transportation,Credit,20,1.04,20.8,975
3/16/2025,ESEWA CASHOUT,Entertainment,Debit,40,1.1,-44.0,976
7/12/2025,ATM WITHDRAWAL,Uncategorized,Credit,100,0.81,81.0,977
5/5/2025,PAYCHECK DEPOSIT,Entertainment,Debit,100,1.11,-111.0,978
12/8/2025,WHOLE FOODS MKT,Other,Debit,100,0.81,-81.0,979
10/12/2025,ATM WITHDRAWAL,Entertainment,Credit,20,0.91,18.2,980
2/24/2025,LANDLORD_RENT_PAYMNT,Groceries,Debit,50,1.15,-57.5,981
5/19/2025,REFUND DARAZ,Food & Dining,,40,0.9,36.0,982
1/23/2026,ESEWA CASHOUT,Shopping,Debit,50,0.86,-43.0,983
4/22/2025,DD-SALARY,Other,debit,40,0.81,-32.4,984
9/23/2025,NETFLIX.COM,Income,DEBIT,500,1.05,-525.0,985
4/30/2025,LANDLORD_RENT_PAYMNT,Income,DEBIT,40,0.81,-32.4,986
12/23/2025,SHELL OIL 9876,Transportation,Credit,20,0.82,16.4,987
8/3/2025,ATM WITHDRAWAL,Groceries,Credit,100,1.12,112.0,988
5/4/2025,ATM CASH,Other,debit,50,1.1,-55.0,989
8/11/2025,AMAZON PRIME,Food & Dining,Credit,40,0.83,33.2,990
12/5/2025,SHELL-FUEL,Shopping,CREDIT,50,1.01,50.5,991
3/21/2025,SHELL OIL 9876,Transportation,CREDIT,20,0.96,19.2,992
5/10/2025,ESEWA CASHOUT,Bills,Credit,20,0.83,16.6,993
6/12/2025,WHOLE FOODS MKT,Entertainment,Credit,500,0.92,460.0,994
4/3/2025,DD-SALARY,Food & Dining,Credit,500,0.81,405.0,995
5/15/2025,INDRIVE TRIP,Entertainment,debit,10,1.0,-10.0,996
1/26/2026,PAYCHECK DEPOSIT,Shopping,debit,100,1.14,-114.0,997
12/22/2025,CHOWMEIN 1234,Income,CREDIT,100,1.16,116.0,998
10/29/2025,WHOLE FOODS MKT,Transportation,debit,100,1.1,-110.0,999
12/10/2025,LANDLORD_RENT_PAYMNT,Transportation,debit,20,1.04,-20.8,1000
